[
  {
    "id": 1,
    "Campaigns": "C1-APR2022",
    "Adsets": 10,
    "Ads": 22,
    "Revenue": "$24,000",
    "Spend": "$8,000",
    "ROAS": "$3",
    "Impressions": 2700,
    "Reach": "89,000",
    "Conversions": 24,
    "Leads": 270,
    "Budget": "$10,000"
  },
  {
    "id": 2,
    "Campaigns": "C1-APR2022",
    "Adsets": 20,
    "Ads": 22,
    "Revenue": "$24,000",
    "Spend": "$8,000",
    "ROAS": "$3",
    "Impressions": 2700,
    "Reach": "89,000",
    "Conversions": 24,
    "Leads": 270,
    "Budget": "$10,000"
  },
  {
    "id": 3,
    "Campaigns": "C1-APR2022",
    "Adsets": 30,
    "Ads": 22,
    "Revenue": "$24,000",
    "Spend": "$8,000",
    "ROAS": "$3",
    "Impressions": 2700,
    "Reach": "89,000",
    "Conversions": 24,
    "Leads": 270,
    "Budget": "$10,000"
  }
]
